DMS_ID,bitscore,num_seqs,Neff/L,Colcov50
A0A140D2T1_ZIKV_seqcov50_colcov50_theta0.99,0.03,10867,0.239,0.99
A0A140D2T1_ZIKV_seqcov50_colcov50_theta0.99,0.04,10875,0.242,0.989
A0A140D2T1_ZIKV_seqcov50_colcov50_theta0.99,0.05,10876,0.242,0.989
A0A140D2T1_ZIKV_seqcov50_colcov50_theta0.99,0.1,10877,0.241,0.989
A0A140D2T1_ZIKV_seqcov50_colcov50_theta0.99,0.3,10881,0.243,0.989
A0A140D2T1_ZIKV_seqcov50_colcov50_theta0.99,0.5,10875,0.242,0.989
A0A192B1T2_9HIV1_seqcov50_colcov50_theta0.99,0.03,93621,52.8,0.991
A0A192B1T2_9HIV1_seqcov50_colcov50_theta0.99,0.04,93620,52.737,0.991
A0A192B1T2_9HIV1_seqcov50_colcov50_theta0.99,0.05,93628,52.46,0.991
A0A192B1T2_9HIV1_seqcov50_colcov50_theta0.99,0.1,93630,52.357,0.991
A0A192B1T2_9HIV1_seqcov50_colcov50_theta0.99,0.3,93627,52.078,0.989
A0A192B1T2_9HIV1_seqcov50_colcov50_theta0.99,0.5,93624,52.266,0.989
A0A1I9GEU1_NEIME_seqcov50_colcov50_theta0.8,0.1,229082,839.401,0.671
A0A1I9GEU1_NEIME_seqcov50_colcov50_theta0.8,0.3,103089,365.555,0.689
A0A1I9GEU1_NEIME_seqcov50_colcov50_theta0.8,0.5,28905,75.313,0.807
A0A247D711_LISMN_seqcov50_colcov50_theta0.8,0.03,246011,1001.838,0.667
A0A247D711_LISMN_seqcov50_colcov50_theta0.8,0.04,236091,952.529,0.632
A0A247D711_LISMN_seqcov50_colcov50_theta0.8,0.05,220626,881.632,0.621
A0A247D711_LISMN_seqcov50_colcov50_theta0.8,0.3,57,0.127,0.989
A0A247D711_LISMN_seqcov50_colcov50_theta0.8,0.5,57,0.127,0.989
A0A2Z5U3Z0_9INFA_seqcov50_colcov50_theta0.99,0.04,72440,26.729,0.995
A0A2Z5U3Z0_9INFA_seqcov50_colcov50_theta0.99,0.05,72444,26.677,0.995
A0A2Z5U3Z0_9INFA_seqcov50_colcov50_theta0.99,0.1,72443,26.72,0.995
A0A2Z5U3Z0_9INFA_seqcov50_colcov50_theta0.99,0.3,72444,26.719,0.995
A0A2Z5U3Z0_9INFA_seqcov50_colcov50_theta0.99,0.5,72123,26.74,0.995
A4D664_9INFA_seqcov50_colcov50_theta0.99,0.03,29752,3.22,1.0
A4D664_9INFA_seqcov50_colcov50_theta0.99,0.04,29748,3.22,1.0
A4D664_9INFA_seqcov50_colcov50_theta0.99,0.05,29750,3.216,1.0
A4D664_9INFA_seqcov50_colcov50_theta0.99,0.1,29744,3.211,1.0
A4D664_9INFA_seqcov50_colcov50_theta0.99,0.3,29653,3.11,1.0
A4D664_9INFA_seqcov50_colcov50_theta0.99,0.5,29525,3.085,1.0
A4GRB6_PSEAI_seqcov50_colcov50_theta0.8,0.3,350760,334.023,0.665
A4GRB6_PSEAI_seqcov50_colcov50_theta0.8,0.5,4515,4.46,0.838
A4_HUMAN_seqcov50_colcov50_theta0.8,0.03,7724,0.163,0.951
A4_HUMAN_seqcov50_colcov50_theta0.8,0.04,8132,0.165,0.948
A4_HUMAN_seqcov50_colcov50_theta0.8,0.05,8087,0.165,0.948
A4_HUMAN_seqcov50_colcov50_theta0.8,0.1,8714,0.237,0.957
A4_HUMAN_seqcov50_colcov50_theta0.8,0.3,8663,0.219,0.957
A4_HUMAN_seqcov50_colcov50_theta0.8,0.5,7368,0.077,0.949
AACC1_PSEAI_seqcov50_colcov50_theta0.8,0.3,999740,1702.726,0.768
AACC1_PSEAI_seqcov50_colcov50_theta0.8,0.5,1338,4.392,0.836
ACE2_HUMAN_seqcov50_colcov50_theta0.8,0.03,15163,3.431,0.727
ACE2_HUMAN_seqcov50_colcov50_theta0.8,0.04,14925,3.373,0.725
ACE2_HUMAN_seqcov50_colcov50_theta0.8,0.05,14946,3.386,0.725
ACE2_HUMAN_seqcov50_colcov50_theta0.8,0.1,14938,3.394,0.724
ACE2_HUMAN_seqcov50_colcov50_theta0.8,0.3,14088,2.76,0.725
ACE2_HUMAN_seqcov50_colcov50_theta0.8,0.5,13707,2.596,0.725
ADRB2_HUMAN_seqcov50_colcov50_theta0.8,0.3,417639,129.191,0.731
ADRB2_HUMAN_seqcov50_colcov50_theta0.8,0.5,159430,33.918,0.743
AICDA_HUMAN_seqcov50_colcov50_theta0.8,0.04,142043,158.334,0.601
AICDA_HUMAN_seqcov50_colcov50_theta0.8,0.05,138791,147.343,0.611
AICDA_HUMAN_seqcov50_colcov50_theta0.8,0.1,165602,169.103,0.631
AICDA_HUMAN_seqcov50_colcov50_theta0.8,0.3,5860,3.964,0.884
AICDA_HUMAN_seqcov50_colcov50_theta0.8,0.5,5795,3.764,0.884
AMFR_HUMAN_seqcov50_colcov50_theta0.8,0.03,41369,197.639,0.638
AMFR_HUMAN_seqcov50_colcov50_theta0.8,0.04,43216,207.33,0.66
AMFR_HUMAN_seqcov50_colcov50_theta0.8,0.05,46781,252.823,0.66
AMFR_HUMAN_seqcov50_colcov50_theta0.8,0.1,73134,416.81,0.66
AMFR_HUMAN_seqcov50_colcov50_theta0.8,0.3,56255,112.583,0.851
AMFR_HUMAN_seqcov50_colcov50_theta0.8,0.5,6425,13.44,0.894
AMIE_PSEAE_seqcov50_colcov50_theta0.8,0.04,330033,213.831,0.731
AMIE_PSEAE_seqcov50_colcov50_theta0.8,0.05,329531,213.759,0.731
AMIE_PSEAE_seqcov50_colcov50_theta0.8,0.1,328019,211.029,0.734
AMIE_PSEAE_seqcov50_colcov50_theta0.8,0.3,251310,158.773,0.725
AMIE_PSEAE_seqcov50_colcov50_theta0.8,0.5,5993,0.485,0.98
ANCSZ_seqcov50_colcov50_theta0.8,0.5,66234,4.091,0.601
ARGR_ECOLI_seqcov50_colcov50_theta0.8,0.03,277116,1098.631,0.652
ARGR_ECOLI_seqcov50_colcov50_theta0.8,0.04,268087,1011.72,0.652
ARGR_ECOLI_seqcov50_colcov50_theta0.8,0.05,255275,943.285,0.652
ARGR_ECOLI_seqcov50_colcov50_theta0.8,0.1,300870,969.673,0.681
ARGR_ECOLI_seqcov50_colcov50_theta0.8,0.3,319126,676.781,0.667
ARGR_ECOLI_seqcov50_colcov50_theta0.8,0.5,22568,54.304,0.899
B2L11_HUMAN_seqcov50_colcov50_theta0.8,0.1,5147,7.676,0.727
B2L11_HUMAN_seqcov50_colcov50_theta0.8,0.3,1176,0.756,0.944
B2L11_HUMAN_seqcov50_colcov50_theta0.8,0.5,1095,0.581,0.848
BBC1_YEAST_seqcov50_colcov50_theta0.8,0.03,966144,783.692,0.797
BBC1_YEAST_seqcov50_colcov50_theta0.8,0.04,963412,772.552,0.797
BBC1_YEAST_seqcov50_colcov50_theta0.8,0.05,962148,770.456,0.797
BBC1_YEAST_seqcov50_colcov50_theta0.8,0.1,953673,734.746,0.797
BBC1_YEAST_seqcov50_colcov50_theta0.8,0.3,821311,438.091,0.797
BBC1_YEAST_seqcov50_colcov50_theta0.8,0.5,675020,293.597,0.797
BCHB_CHLTE_seqcov50_colcov50_theta0.8,0.03,196047,989.39,0.673
BCHB_CHLTE_seqcov50_colcov50_theta0.8,0.04,201338,953.196,0.654
BCHB_CHLTE_seqcov50_colcov50_theta0.8,0.05,215480,902.31,0.654
BCHB_CHLTE_seqcov50_colcov50_theta0.8,0.1,124551,705.397,0.654
BCHB_CHLTE_seqcov50_colcov50_theta0.8,0.3,16923,72.095,0.846
BCHB_CHLTE_seqcov50_colcov50_theta0.8,0.5,10126,42.453,0.904
BLAT_ECOLX_seqcov50_colcov50_theta0.8,0.3,64118,56.471,0.906
BLAT_ECOLX_seqcov50_colcov50_theta0.8,0.5,40187,32.779,0.93
BRCA1_HUMAN_seqcov50_colcov50_theta0.8,0.03,1851,0.155,0.992
BRCA1_HUMAN_seqcov50_colcov50_theta0.8,0.04,2120,0.204,0.988
BRCA1_HUMAN_seqcov50_colcov50_theta0.8,0.05,1963,0.157,0.991
BRCA1_HUMAN_seqcov50_colcov50_theta0.8,0.1,1626,0.084,0.992
BRCA1_HUMAN_seqcov50_colcov50_theta0.8,0.3,1569,0.073,0.991
BRCA1_HUMAN_seqcov50_colcov50_theta0.8,0.5,1519,0.061,0.995
BRCA2_HUMAN_seqcov50_colcov50_theta0.8,0.03,1141,0.039,0.987
BRCA2_HUMAN_seqcov50_colcov50_theta0.8,0.04,1140,0.039,0.987
BRCA2_HUMAN_seqcov50_colcov50_theta0.8,0.05,1144,0.04,0.987
BRCA2_HUMAN_seqcov50_colcov50_theta0.8,0.1,1133,0.04,0.988
BRCA2_HUMAN_seqcov50_colcov50_theta0.8,0.3,1039,0.03,0.979
BRCA2_HUMAN_seqcov50_colcov50_theta0.8,0.5,1038,0.03,0.972
C6KNH7_9INFA_seqcov50_colcov50_theta0.99,0.04,72912,27.23,0.981
C6KNH7_9INFA_seqcov50_colcov50_theta0.99,0.05,72921,27.241,0.981
C6KNH7_9INFA_seqcov50_colcov50_theta0.99,0.1,72915,27.182,0.979
C6KNH7_9INFA_seqcov50_colcov50_theta0.99,0.3,72920,27.306,0.981
C6KNH7_9INFA_seqcov50_colcov50_theta0.99,0.5,72624,27.141,0.981
CALM1_HUMAN_seqcov50_colcov50_theta0.8,0.3,291867,280.54,0.913
CALM1_HUMAN_seqcov50_colcov50_theta0.8,0.5,97542,89.489,0.953
CAPSD_AAV2S_seqcov50_colcov50_theta0.99,0.03,3575,1.782,0.831
CAPSD_AAV2S_seqcov50_colcov50_theta0.99,0.04,3577,1.801,0.838
CAPSD_AAV2S_seqcov50_colcov50_theta0.99,0.05,3567,1.777,0.893
CAPSD_AAV2S_seqcov50_colcov50_theta0.99,0.1,3552,1.811,0.797
CAPSD_AAV2S_seqcov50_colcov50_theta0.99,0.3,3563,1.752,0.894
CAPSD_AAV2S_seqcov50_colcov50_theta0.99,0.5,1215,0.858,0.928
CAR11_HUMAN_seqcov50_colcov50_theta0.8,0.1,1984,0.082,0.992
CAR11_HUMAN_seqcov50_colcov50_theta0.8,0.3,1649,0.071,0.996
CAR11_HUMAN_seqcov50_colcov50_theta0.8,0.5,1508,0.053,0.997
CAS9_STRP1_seqcov50_colcov50_theta0.8,0.03,9402,2.069,0.837
CAS9_STRP1_seqcov50_colcov50_theta0.8,0.04,9607,2.161,0.823
CAS9_STRP1_seqcov50_colcov50_theta0.8,0.05,9696,2.191,0.821
CAS9_STRP1_seqcov50_colcov50_theta0.8,0.1,9403,2.101,0.834
CAS9_STRP1_seqcov50_colcov50_theta0.8,0.3,3558,0.543,0.954
CAS9_STRP1_seqcov50_colcov50_theta0.8,0.5,3550,0.541,0.954
CASP3_HUMAN_seqcov50_colcov50_theta0.8,0.03,122332,162.223,0.806
CASP3_HUMAN_seqcov50_colcov50_theta0.8,0.04,122611,158.085,0.795
CASP3_HUMAN_seqcov50_colcov50_theta0.8,0.05,121695,158.257,0.795
CASP3_HUMAN_seqcov50_colcov50_theta0.8,0.1,113131,146.502,0.798
CASP3_HUMAN_seqcov50_colcov50_theta0.8,0.3,25669,22.067,0.911
CASP3_HUMAN_seqcov50_colcov50_theta0.8,0.5,23796,18.896,0.915
CASP7_HUMAN_seqcov50_colcov50_theta0.8,0.03,115184,138.704,0.751
CASP7_HUMAN_seqcov50_colcov50_theta0.8,0.04,115760,138.407,0.747
CASP7_HUMAN_seqcov50_colcov50_theta0.8,0.05,115847,137.3,0.744
CASP7_HUMAN_seqcov50_colcov50_theta0.8,0.1,106808,127.424,0.751
CASP7_HUMAN_seqcov50_colcov50_theta0.8,0.3,25018,20.532,0.868
CASP7_HUMAN_seqcov50_colcov50_theta0.8,0.5,22287,16.911,0.875
CATR_CHLRE_seqcov50_colcov50_theta0.8,0.3,682130,1326.624,0.847
CATR_CHLRE_seqcov50_colcov50_theta0.8,0.5,333272,535.507,0.875
CBPA2_HUMAN_seqcov50_colcov50_theta0.8,0.03,321400,1153.795,0.653
CBPA2_HUMAN_seqcov50_colcov50_theta0.8,0.04,250246,888.261,0.625
CBPA2_HUMAN_seqcov50_colcov50_theta0.8,0.05,232714,832.296,0.625
CBPA2_HUMAN_seqcov50_colcov50_theta0.8,0.1,324997,1140.506,0.667
CBPA2_HUMAN_seqcov50_colcov50_theta0.8,0.3,14773,52.461,0.944
CBPA2_HUMAN_seqcov50_colcov50_theta0.8,0.5,10905,30.912,0.958
CBS_HUMAN_seqcov50_colcov50_theta0.8,0.1,453251,101.456,0.543
CBS_HUMAN_seqcov50_colcov50_theta0.8,0.3,159696,30.236,0.561
CBS_HUMAN_seqcov50_colcov50_theta0.8,0.5,136254,26.806,0.559
CBX4_HUMAN_seqcov50_colcov50_theta0.8,0.03,185361,448.755,0.88
CBX4_HUMAN_seqcov50_colcov50_theta0.8,0.04,185034,451.588,0.88
CBX4_HUMAN_seqcov50_colcov50_theta0.8,0.05,184642,448.059,0.88
CBX4_HUMAN_seqcov50_colcov50_theta0.8,0.1,184918,445.895,0.88
CBX4_HUMAN_seqcov50_colcov50_theta0.8,0.3,155682,359.803,0.92
CBX4_HUMAN_seqcov50_colcov50_theta0.8,0.5,106443,219.718,0.92
CCDB_ECOLI_seqcov50_colcov50_theta0.8,0.03,373301,1054.677,0.743
CCDB_ECOLI_seqcov50_colcov50_theta0.8,0.04,401104,1121.736,0.683
CCDB_ECOLI_seqcov50_colcov50_theta0.8,0.05,400656,1099.529,0.683
CCDB_ECOLI_seqcov50_colcov50_theta0.8,0.1,273672,514.532,0.752
CCDB_ECOLI_seqcov50_colcov50_theta0.8,0.3,27373,98.215,0.881
CCDB_ECOLI_seqcov50_colcov50_theta0.8,0.5,6443,18.813,0.98
CCR5_HUMAN_seqcov50_colcov50_theta0.8,0.5,306417,82.152,0.827
CD19_HUMAN_seqcov50_colcov50_theta0.8,0.1,32284,15.655,0.532
CD19_HUMAN_seqcov50_colcov50_theta0.8,0.3,757,0.163,1.0
CD19_HUMAN_seqcov50_colcov50_theta0.8,0.5,685,0.117,1.0
CP2C9_HUMAN_seqcov50_colcov50_theta0.8,0.3,421882,276.95,0.951
CP2C9_HUMAN_seqcov50_colcov50_theta0.8,0.5,303369,184.664,0.955
CSN4_MOUSE_seqcov50_colcov50_theta0.8,0.3,48731,59.501,0.847
CSN4_MOUSE_seqcov50_colcov50_theta0.8,0.5,15148,15.669,0.903
CUE1_YEAST_seqcov50_colcov50_theta0.8,0.03,252018,1646.61,0.635
CUE1_YEAST_seqcov50_colcov50_theta0.8,0.04,232549,1492.133,0.654
CUE1_YEAST_seqcov50_colcov50_theta0.8,0.05,187022,924.558,0.654
CUE1_YEAST_seqcov50_colcov50_theta0.8,0.1,148139,728.685,0.654
CUE1_YEAST_seqcov50_colcov50_theta0.8,0.3,21824,33.453,0.75
CUE1_YEAST_seqcov50_colcov50_theta0.8,0.5,7831,12.977,0.769
D7PM05_CLYGR_seqcov50_colcov50_theta0.8,0.1,1396,0.831,0.936
D7PM05_CLYGR_seqcov50_colcov50_theta0.8,0.3,1243,0.79,0.94
D7PM05_CLYGR_seqcov50_colcov50_theta0.8,0.5,1217,0.706,0.936
DLG4_HUMAN_seqcov50_colcov50_theta0.8,0.3,74047,1.253,0.876
DLG4_HUMAN_seqcov50_colcov50_theta0.8,0.5,27152,0.289,0.959
DLG4_RAT_seqcov50_colcov50_theta0.8,0.3,74332,1.235,0.877
DLG4_RAT_seqcov50_colcov50_theta0.8,0.5,27158,0.288,0.959
DN7A_SACS2_seqcov50_colcov50_theta0.8,0.03,387499,1803.597,0.673
DN7A_SACS2_seqcov50_colcov50_theta0.8,0.04,344882,1521.72,0.673
DN7A_SACS2_seqcov50_colcov50_theta0.8,0.05,330952,1526.993,0.655
DN7A_SACS2_seqcov50_colcov50_theta0.8,0.1,197458,946.134,0.6
DN7A_SACS2_seqcov50_colcov50_theta0.8,0.3,11296,24.072,0.891
DN7A_SACS2_seqcov50_colcov50_theta0.8,0.5,85,0.172,0.945
DNJA1_HUMAN_seqcov50_colcov50_theta0.8,0.03,501847,1232.694,0.938
DNJA1_HUMAN_seqcov50_colcov50_theta0.8,0.04,499236,1224.796,0.938
DNJA1_HUMAN_seqcov50_colcov50_theta0.8,0.05,494427,1197.621,0.938
DNJA1_HUMAN_seqcov50_colcov50_theta0.8,0.1,475067,1120.832,0.938
DNJA1_HUMAN_seqcov50_colcov50_theta0.8,0.3,423032,928.431,0.938
DNJA1_HUMAN_seqcov50_colcov50_theta0.8,0.5,360020,752.934,0.938
DOCK1_MOUSE_seqcov50_colcov50_theta0.8,0.03,971856,852.489,0.742
DOCK1_MOUSE_seqcov50_colcov50_theta0.8,0.04,968739,846.719,0.742
DOCK1_MOUSE_seqcov50_colcov50_theta0.8,0.05,971057,846.366,0.742
DOCK1_MOUSE_seqcov50_colcov50_theta0.8,0.1,964943,818.937,0.742
DOCK1_MOUSE_seqcov50_colcov50_theta0.8,0.3,824371,446.423,0.788
DOCK1_MOUSE_seqcov50_colcov50_theta0.8,0.5,622864,271.929,0.773
DYR_ECOLI_seqcov50_colcov50_theta0.8,0.03,369924,544.105,0.748
DYR_ECOLI_seqcov50_colcov50_theta0.8,0.04,375041,538.816,0.748
DYR_ECOLI_seqcov50_colcov50_theta0.8,0.05,373127,526.635,0.748
DYR_ECOLI_seqcov50_colcov50_theta0.8,0.1,242959,379.726,0.799
DYR_ECOLI_seqcov50_colcov50_theta0.8,0.3,63719,115.038,0.987
DYR_ECOLI_seqcov50_colcov50_theta0.8,0.5,61015,107.254,0.987
ENVZ_ECOLI_seqcov50_colcov50_theta0.8,0.5,1533802,2888.673,0.917
ENV_HV1B9_seqcov50_colcov50_theta0.99,0.03,93730,53.756,0.996
ENV_HV1B9_seqcov50_colcov50_theta0.99,0.04,93735,53.782,0.996
ENV_HV1B9_seqcov50_colcov50_theta0.99,0.05,93698,54.353,0.998
ENV_HV1B9_seqcov50_colcov50_theta0.99,0.1,93717,54.173,0.996
ENV_HV1B9_seqcov50_colcov50_theta0.99,0.3,93729,53.871,0.996
ENV_HV1B9_seqcov50_colcov50_theta0.99,0.5,93737,53.774,0.996
ENV_HV1BR_seqcov50_colcov50_theta0.99,0.03,93645,53.138,0.987
ENV_HV1BR_seqcov50_colcov50_theta0.99,0.04,93646,53.093,0.987
ENV_HV1BR_seqcov50_colcov50_theta0.99,0.05,93653,52.94,0.987
ENV_HV1BR_seqcov50_colcov50_theta0.99,0.1,93652,52.803,0.986
ENV_HV1BR_seqcov50_colcov50_theta0.99,0.3,93648,52.827,0.986
ENV_HV1BR_seqcov50_colcov50_theta0.99,0.5,93645,52.755,0.986
EPHB2_HUMAN_seqcov50_colcov50_theta0.8,0.03,387949,494.43,0.848
EPHB2_HUMAN_seqcov50_colcov50_theta0.8,0.04,379395,487.685,0.864
EPHB2_HUMAN_seqcov50_colcov50_theta0.8,0.05,375378,468.936,0.864
EPHB2_HUMAN_seqcov50_colcov50_theta0.8,0.1,352736,373.057,0.848
EPHB2_HUMAN_seqcov50_colcov50_theta0.8,0.3,289309,193.514,0.864
EPHB2_HUMAN_seqcov50_colcov50_theta0.8,0.5,173598,90.847,0.879
ERBB2_HUMAN_seqcov50_colcov50_theta0.8,0.3,8695,0.29,0.93
ERBB2_HUMAN_seqcov50_colcov50_theta0.8,0.5,8648,0.265,0.924
ESTA_BACSU_seqcov50_colcov50_theta0.8,0.3,333564,415.27,0.797
ESTA_BACSU_seqcov50_colcov50_theta0.8,0.5,20243,20.415,0.854
F7YBW8_MESOW_seqcov50_colcov50_theta0.8,0.1,322239,1299.37,0.699
F7YBW8_MESOW_seqcov50_colcov50_theta0.8,0.3,46991,157.826,0.806
F7YBW8_MESOW_seqcov50_colcov50_theta0.8,0.5,21293,69.41,0.839
FECA_ECOLI_seqcov50_colcov50_theta0.8,0.03,501765,2436.539,0.681
FECA_ECOLI_seqcov50_colcov50_theta0.8,0.04,441900,2033.444,0.694
FECA_ECOLI_seqcov50_colcov50_theta0.8,0.05,456873,2143.672,0.694
FECA_ECOLI_seqcov50_colcov50_theta0.8,0.1,484589,2186.262,0.694
FECA_ECOLI_seqcov50_colcov50_theta0.8,0.3,153676,528.313,0.944
FECA_ECOLI_seqcov50_colcov50_theta0.8,0.5,80882,157.591,0.958
FKBP3_HUMAN_seqcov50_colcov50_theta0.8,0.05,110826,666.308,0.565
FKBP3_HUMAN_seqcov50_colcov50_theta0.8,0.1,70743,387.504,0.594
FKBP3_HUMAN_seqcov50_colcov50_theta0.8,0.3,3727,2.48,0.87
FKBP3_HUMAN_seqcov50_colcov50_theta0.8,0.5,3629,1.791,0.87
GAL4_YEAST_seqcov50_colcov50_theta0.8,0.1,155947,70.238,0.63
GAL4_YEAST_seqcov50_colcov50_theta0.8,0.3,15574,6.637,0.671
GAL4_YEAST_seqcov50_colcov50_theta0.8,0.5,1113,0.392,0.682
GCN4_YEAST_seqcov50_colcov50_theta0.8,0.1,84430,116.246,0.694
GCN4_YEAST_seqcov50_colcov50_theta0.8,0.3,1028,1.53,0.708
GCN4_YEAST_seqcov50_colcov50_theta0.8,0.5,144,0.342,0.868
GDIA_HUMAN_seqcov50_colcov50_theta0.8,0.1,10980,4.288,0.971
GDIA_HUMAN_seqcov50_colcov50_theta0.8,0.3,10913,4.208,0.971
GDIA_HUMAN_seqcov50_colcov50_theta0.8,0.5,6030,1.119,0.975
GFP_AEQVI_seqcov50_colcov50_theta0.8,0.3,1243,0.783,0.924
GFP_AEQVI_seqcov50_colcov50_theta0.8,0.5,1209,0.7,0.924
GLPA_HUMAN_seqcov50_colcov50_theta0.8,0.3,404,0.778,0.9
GLPA_HUMAN_seqcov50_colcov50_theta0.8,0.5,362,0.76,0.96
GRB2_HUMAN_seqcov50_colcov50_theta0.8,0.3,99828,22.348,0.876
GRB2_HUMAN_seqcov50_colcov50_theta0.8,0.5,57512,10.504,0.922
HCP_LAMBD_seqcov50_colcov50_theta0.99,0.04,229540,2737.509,0.691
HCP_LAMBD_seqcov50_colcov50_theta0.99,0.05,232982,2682.982,0.691
HCP_LAMBD_seqcov50_colcov50_theta0.99,0.1,178557,2039.236,0.673
HCP_LAMBD_seqcov50_colcov50_theta0.99,0.3,19575,237.891,0.8
HCP_LAMBD_seqcov50_colcov50_theta0.99,0.5,2307,34.418,0.927
HECD1_HUMAN_seqcov50_colcov50_theta0.8,0.03,310993,1070.534,0.681
HECD1_HUMAN_seqcov50_colcov50_theta0.8,0.04,223509,831.646,0.681
HECD1_HUMAN_seqcov50_colcov50_theta0.8,0.05,173004,659.531,0.681
HECD1_HUMAN_seqcov50_colcov50_theta0.8,0.1,63298,171.671,0.792
HECD1_HUMAN_seqcov50_colcov50_theta0.8,0.3,21625,21.164,0.889
HECD1_HUMAN_seqcov50_colcov50_theta0.8,0.5,20992,16.956,0.889
HEM3_HUMAN_seqcov50_colcov50_theta0.8,0.03,67817,36.752,0.839
HEM3_HUMAN_seqcov50_colcov50_theta0.8,0.04,66791,36.166,0.839
HEM3_HUMAN_seqcov50_colcov50_theta0.8,0.05,66723,36.134,0.839
HEM3_HUMAN_seqcov50_colcov50_theta0.8,0.1,66532,35.825,0.839
HEM3_HUMAN_seqcov50_colcov50_theta0.8,0.3,66474,35.718,0.839
HEM3_HUMAN_seqcov50_colcov50_theta0.8,0.5,66219,35.268,0.839
HIS7_YEAST_seqcov50_colcov50_theta0.8,0.1,55117,32.308,0.873
HIS7_YEAST_seqcov50_colcov50_theta0.8,0.3,55057,32.75,0.877
HIS7_YEAST_seqcov50_colcov50_theta0.8,0.5,54969,32.426,0.877
HMDH_HUMAN_seqcov50_colcov50_theta0.8,0.1,4408,0.873,0.981
HMDH_HUMAN_seqcov50_colcov50_theta0.8,0.3,4398,0.865,0.955
HMDH_HUMAN_seqcov50_colcov50_theta0.8,0.5,4320,0.823,0.955
HSP82_YEAST_seqcov50_colcov50_theta0.8,0.04,64846,8.1,0.869
HSP82_YEAST_seqcov50_colcov50_theta0.8,0.05,64719,8.041,0.87
HSP82_YEAST_seqcov50_colcov50_theta0.8,0.1,64114,8.405,0.872
HSP82_YEAST_seqcov50_colcov50_theta0.8,0.3,63534,7.753,0.872
HSP82_YEAST_seqcov50_colcov50_theta0.8,0.5,57919,6.937,0.872
HXK4_HUMAN_seqcov50_colcov50_theta0.8,0.03,28483,7.123,0.957
HXK4_HUMAN_seqcov50_colcov50_theta0.8,0.04,28437,7.101,0.957
HXK4_HUMAN_seqcov50_colcov50_theta0.8,0.05,28430,7.13,0.959
HXK4_HUMAN_seqcov50_colcov50_theta0.8,0.1,28427,7.121,0.957
HXK4_HUMAN_seqcov50_colcov50_theta0.8,0.3,28257,6.819,0.957
HXK4_HUMAN_seqcov50_colcov50_theta0.8,0.5,27372,6.003,0.961
I6TAH8_I68A0_seqcov50_colcov50_theta0.99,0.03,25441,8.687,0.998
I6TAH8_I68A0_seqcov50_colcov50_theta0.99,0.04,17955,3.893,1.0
I6TAH8_I68A0_seqcov50_colcov50_theta0.99,0.05,17975,3.933,1.0
I6TAH8_I68A0_seqcov50_colcov50_theta0.99,0.1,17830,3.752,1.0
I6TAH8_I68A0_seqcov50_colcov50_theta0.99,0.3,17698,3.704,1.0
I6TAH8_I68A0_seqcov50_colcov50_theta0.99,0.5,17696,3.707,1.0
IF1_ECOLI_seqcov50_colcov50_theta0.8,0.1,662082,1282.635,0.806
IF1_ECOLI_seqcov50_colcov50_theta0.8,0.3,61663,104.402,0.875
IF1_ECOLI_seqcov50_colcov50_theta0.8,0.5,26384,31.966,0.972
ILF3_HUMAN_seqcov50_colcov50_theta0.8,0.03,208025,482.537,0.873
ILF3_HUMAN_seqcov50_colcov50_theta0.8,0.04,207052,478.8,0.873
ILF3_HUMAN_seqcov50_colcov50_theta0.8,0.05,207851,484.032,0.873
ILF3_HUMAN_seqcov50_colcov50_theta0.8,0.1,200835,476.057,0.887
ILF3_HUMAN_seqcov50_colcov50_theta0.8,0.3,163851,353.791,0.901
ILF3_HUMAN_seqcov50_colcov50_theta0.8,0.5,134134,263.6,0.887
ISDH_STAAW_seqcov50_colcov50_theta0.8,0.1,543006,3616.156,0.673
ISDH_STAAW_seqcov50_colcov50_theta0.8,0.3,20131,167.43,0.8
ISDH_STAAW_seqcov50_colcov50_theta0.8,0.5,1504,0.164,1.0
KCNE1_HUMAN_seqcov50_colcov50_theta0.8,0.3,3540,3.118,0.767
KCNE1_HUMAN_seqcov50_colcov50_theta0.8,0.5,1750,1.627,0.868
KCNH2_HUMAN_seqcov50_colcov50_theta0.8,0.1,29673,2.575,0.654
KCNH2_HUMAN_seqcov50_colcov50_theta0.8,0.3,14862,0.585,0.652
KCNH2_HUMAN_seqcov50_colcov50_theta0.8,0.5,14547,0.576,0.645
KCNJ2_MOUSE_seqcov50_colcov50_theta0.8,0.04,24615,6.271,0.783
KCNJ2_MOUSE_seqcov50_colcov50_theta0.8,0.05,24584,6.288,0.785
KCNJ2_MOUSE_seqcov50_colcov50_theta0.8,0.1,24577,6.217,0.787
KCNJ2_MOUSE_seqcov50_colcov50_theta0.8,0.3,24266,5.865,0.79
KCNJ2_MOUSE_seqcov50_colcov50_theta0.8,0.5,19812,2.418,0.794
KKA2_KLEPN_seqcov50_colcov50_theta0.8,0.3,106599,119.278,0.886
KKA2_KLEPN_seqcov50_colcov50_theta0.8,0.5,7036,6.282,0.958
LGK_LIPST_seqcov50_colcov50_theta0.8,0.04,51890,27.751,0.834
LGK_LIPST_seqcov50_colcov50_theta0.8,0.05,42962,24.844,0.834
LGK_LIPST_seqcov50_colcov50_theta0.8,0.1,42964,24.661,0.834
LGK_LIPST_seqcov50_colcov50_theta0.8,0.3,42935,24.697,0.836
LGK_LIPST_seqcov50_colcov50_theta0.8,0.5,42878,24.474,0.834
LYAM1_HUMAN_seqcov50_colcov50_theta0.8,0.3,5303,1.885,0.804
LYAM1_HUMAN_seqcov50_colcov50_theta0.8,0.5,4653,1.525,0.804
MAFG_MOUSE_seqcov50_colcov50_theta0.8,0.03,291963,2184.882,0.634
MAFG_MOUSE_seqcov50_colcov50_theta0.8,0.04,268979,1992.292,0.61
MAFG_MOUSE_seqcov50_colcov50_theta0.8,0.05,274329,1984.596,0.61
MAFG_MOUSE_seqcov50_colcov50_theta0.8,0.1,200565,1462.395,0.634
MAFG_MOUSE_seqcov50_colcov50_theta0.8,0.3,37794,216.765,0.707
MAFG_MOUSE_seqcov50_colcov50_theta0.8,0.5,13307,6.235,0.976
MBD11_ARATH_seqcov50_colcov50_theta0.8,0.3,37838,39.486,0.864
MBD11_ARATH_seqcov50_colcov50_theta0.8,0.5,22851,16.83,0.894
MLAC_ECOLI_seqcov50_colcov50_theta0.8,0.1,24997,40.819,0.919
MLAC_ECOLI_seqcov50_colcov50_theta0.8,0.3,24256,39.006,0.915
MLAC_ECOLI_seqcov50_colcov50_theta0.8,0.5,22119,34.602,0.919
MSH2_HUMAN_seqcov50_colcov50_theta0.8,0.03,135852,23.583,0.911
MSH2_HUMAN_seqcov50_colcov50_theta0.8,0.04,135786,23.52,0.907
MSH2_HUMAN_seqcov50_colcov50_theta0.8,0.05,135907,23.518,0.907
MSH2_HUMAN_seqcov50_colcov50_theta0.8,0.1,135704,23.525,0.909
MSH2_HUMAN_seqcov50_colcov50_theta0.8,0.3,99828,19.159,0.921
MSH2_HUMAN_seqcov50_colcov50_theta0.8,0.5,88619,16.378,0.916
MTH3_HAEAE_seqcov50_colcov50_theta0.8,0.1,124726,117.293,0.961
MTH3_HAEAE_seqcov50_colcov50_theta0.8,0.3,110376,106.565,0.93
MTH3_HAEAE_seqcov50_colcov50_theta0.8,0.5,88490,84.426,0.973
MTHR_HUMAN_seqcov50_colcov50_theta0.8,0.03,5659,1.269,0.89
MTHR_HUMAN_seqcov50_colcov50_theta0.8,0.04,5660,1.267,0.887
MTHR_HUMAN_seqcov50_colcov50_theta0.8,0.05,5661,1.272,0.887
MTHR_HUMAN_seqcov50_colcov50_theta0.8,0.1,5650,1.274,0.886
MTHR_HUMAN_seqcov50_colcov50_theta0.8,0.3,5615,1.253,0.884
MTHR_HUMAN_seqcov50_colcov50_theta0.8,0.5,5598,1.266,0.886
MYO3_YEAST_seqcov50_colcov50_theta0.8,0.03,998712,938.141,0.836
MYO3_YEAST_seqcov50_colcov50_theta0.8,0.04,996266,928.759,0.836
MYO3_YEAST_seqcov50_colcov50_theta0.8,0.05,996566,929.141,0.836
MYO3_YEAST_seqcov50_colcov50_theta0.8,0.1,992464,913.63,0.836
MYO3_YEAST_seqcov50_colcov50_theta0.8,0.3,834114,499.614,0.852
MYO3_YEAST_seqcov50_colcov50_theta0.8,0.5,703557,328.03,0.836
NCAP_I34A1_seqcov50_colcov50_theta0.99,0.03,18038,3.972,1.0
NCAP_I34A1_seqcov50_colcov50_theta0.99,0.04,17987,3.946,1.0
NCAP_I34A1_seqcov50_colcov50_theta0.99,0.05,17972,3.92,1.0
NCAP_I34A1_seqcov50_colcov50_theta0.99,0.1,17831,3.755,1.0
NCAP_I34A1_seqcov50_colcov50_theta0.99,0.3,17698,3.706,1.0
NCAP_I34A1_seqcov50_colcov50_theta0.99,0.5,17696,3.707,1.0
NKX31_HUMAN_seqcov50_colcov50_theta0.8,0.3,402430,211.586,0.852
NKX31_HUMAN_seqcov50_colcov50_theta0.8,0.5,336227,155.174,0.869
NPC1_HUMAN_seqcov50_colcov50_theta0.8,0.1,34987,6.622,0.674
NPC1_HUMAN_seqcov50_colcov50_theta0.8,0.3,15800,1.892,0.719
NPC1_HUMAN_seqcov50_colcov50_theta0.8,0.5,7810,0.966,0.967
NRAM_I33A0_seqcov50_colcov50_theta0.99,0.03,48770,23.009,0.989
NRAM_I33A0_seqcov50_colcov50_theta0.99,0.04,48587,21.623,0.982
NRAM_I33A0_seqcov50_colcov50_theta0.99,0.05,48587,22.665,0.982
NRAM_I33A0_seqcov50_colcov50_theta0.99,0.1,48588,21.899,0.982
NRAM_I33A0_seqcov50_colcov50_theta0.99,0.3,48586,22.055,0.982
NRAM_I33A0_seqcov50_colcov50_theta0.99,0.5,48586,22.07,0.982
NUD15_HUMAN_seqcov50_colcov50_theta0.8,0.1,759637,1215.278,0.677
NUD15_HUMAN_seqcov50_colcov50_theta0.8,0.3,608398,974.292,0.689
NUD15_HUMAN_seqcov50_colcov50_theta0.8,0.5,19094,39.068,0.768
NUSA_ECOLI_seqcov50_colcov50_theta0.8,0.3,359744,896.136,0.754
NUSA_ECOLI_seqcov50_colcov50_theta0.8,0.5,33920,51.084,0.884
NUSG_MYCTU_seqcov50_colcov50_theta0.8,0.3,118657,335.249,0.909
NUSG_MYCTU_seqcov50_colcov50_theta0.8,0.5,64037,157.987,0.964
OBSCN_HUMAN_seqcov50_colcov50_theta0.8,0.03,938754,862.868,0.769
OBSCN_HUMAN_seqcov50_colcov50_theta0.8,0.04,940594,886.104,0.738
OBSCN_HUMAN_seqcov50_colcov50_theta0.8,0.05,949768,929.911,0.754
OBSCN_HUMAN_seqcov50_colcov50_theta0.8,0.3,815324,424.914,0.785
OBSCN_HUMAN_seqcov50_colcov50_theta0.8,0.5,622270,259.528,0.785
ODP2_GEOSE_seqcov50_colcov50_theta0.8,0.03,413096,2319.814,0.773
ODP2_GEOSE_seqcov50_colcov50_theta0.8,0.04,426545,2423.388,0.75
ODP2_GEOSE_seqcov50_colcov50_theta0.8,0.05,397244,2197.502,0.773
ODP2_GEOSE_seqcov50_colcov50_theta0.8,0.1,365284,1872.625,0.773
ODP2_GEOSE_seqcov50_colcov50_theta0.8,0.3,254929,737.435,0.818
ODP2_GEOSE_seqcov50_colcov50_theta0.8,0.5,184900,442.51,0.864
OPSD_HUMAN_seqcov50_colcov50_theta0.8,0.5,301273,85.525,0.851
OTC_HUMAN_seqcov50_colcov50_theta0.8,0.05,147934,57.285,0.853
OTC_HUMAN_seqcov50_colcov50_theta0.8,0.1,147848,57.218,0.853
OTC_HUMAN_seqcov50_colcov50_theta0.8,0.3,147501,56.758,0.853
OTC_HUMAN_seqcov50_colcov50_theta0.8,0.5,146155,55.395,0.85
OTU7A_HUMAN_seqcov50_colcov50_theta0.8,0.3,358240,2804.198,0.857
OTU7A_HUMAN_seqcov50_colcov50_theta0.8,0.5,23927,70.014,0.881
OXDA_RHOTO_seqcov50_colcov50_theta0.8,0.3,47568,30.686,0.863
OXDA_RHOTO_seqcov50_colcov50_theta0.8,0.5,14057,11.494,0.863
P53_HUMAN_seqcov50_colcov50_theta0.8,0.04,7851,1.671,0.845
P53_HUMAN_seqcov50_colcov50_theta0.8,0.05,7874,2.088,0.911
P53_HUMAN_seqcov50_colcov50_theta0.8,0.1,7856,2.029,0.919
P53_HUMAN_seqcov50_colcov50_theta0.8,0.3,7770,1.875,0.919
P53_HUMAN_seqcov50_colcov50_theta0.8,0.5,7196,1.379,0.926
P84126_THETH_seqcov50_colcov50_theta0.8,0.3,74344,54.027,0.953
P84126_THETH_seqcov50_colcov50_theta0.8,0.5,74079,52.747,0.953
PABP_YEAST_seqcov50_colcov50_theta0.8,0.3,15756,3.937,0.931
PABP_YEAST_seqcov50_colcov50_theta0.8,0.5,12223,2.368,0.929
PAI1_HUMAN_seqcov50_colcov50_theta0.8,0.03,66425,42.754,0.923
PAI1_HUMAN_seqcov50_colcov50_theta0.8,0.04,66390,42.719,0.923
PAI1_HUMAN_seqcov50_colcov50_theta0.8,0.05,66421,42.723,0.923
PAI1_HUMAN_seqcov50_colcov50_theta0.8,0.1,66304,42.642,0.923
PAI1_HUMAN_seqcov50_colcov50_theta0.8,0.3,65263,40.988,0.923
PAI1_HUMAN_seqcov50_colcov50_theta0.8,0.5,60517,36.488,0.923
PA_I34A1_seqcov50_colcov50_theta0.99,0.03,30316,3.103,1.0
PA_I34A1_seqcov50_colcov50_theta0.99,0.04,30316,3.105,1.0
PA_I34A1_seqcov50_colcov50_theta0.99,0.05,30317,3.109,1.0
PA_I34A1_seqcov50_colcov50_theta0.99,0.1,30290,3.077,1.0
PA_I34A1_seqcov50_colcov50_theta0.99,0.3,30198,2.977,1.0
PA_I34A1_seqcov50_colcov50_theta0.99,0.5,30053,2.969,1.0
PHOT_CHLRE_seqcov50_colcov50_theta0.8,0.5,174299,339.847,0.907
PIN1_HUMAN_seqcov50_colcov50_theta0.8,0.04,495218,1432.911,0.744
PIN1_HUMAN_seqcov50_colcov50_theta0.8,0.05,495186,1443.967,0.744
PIN1_HUMAN_seqcov50_colcov50_theta0.8,0.1,491523,1414.948,0.744
PIN1_HUMAN_seqcov50_colcov50_theta0.8,0.3,348170,433.299,0.795
PIN1_HUMAN_seqcov50_colcov50_theta0.8,0.5,305630,298.409,0.795
PITX2_HUMAN_seqcov50_colcov50_theta0.8,0.3,414123,247.012,0.962
PITX2_HUMAN_seqcov50_colcov50_theta0.8,0.5,376334,188.378,0.981
PKN1_HUMAN_seqcov50_colcov50_theta0.8,0.1,504815,2397.682,0.718
PKN1_HUMAN_seqcov50_colcov50_theta0.8,0.3,43876,16.202,0.859
PKN1_HUMAN_seqcov50_colcov50_theta0.8,0.5,22283,4.289,0.887
POLG_CXB3N_seqcov50_colcov50_theta0.99,0.03,14792,2.626,0.973
POLG_CXB3N_seqcov50_colcov50_theta0.99,0.04,14819,2.64,0.973
POLG_CXB3N_seqcov50_colcov50_theta0.99,0.05,14696,2.645,0.975
POLG_CXB3N_seqcov50_colcov50_theta0.99,0.1,12511,2.517,0.988
POLG_CXB3N_seqcov50_colcov50_theta0.99,0.3,9701,1.48,0.994
POLG_CXB3N_seqcov50_colcov50_theta0.99,0.5,7192,1.05,0.995
POLG_DEN26_seqcov50_colcov50_theta0.99,0.03,11692,1.372,0.993
POLG_DEN26_seqcov50_colcov50_theta0.99,0.04,11809,1.412,0.993
POLG_DEN26_seqcov50_colcov50_theta0.99,0.05,11738,1.317,0.993
POLG_DEN26_seqcov50_colcov50_theta0.99,0.1,11691,1.299,0.992
POLG_DEN26_seqcov50_colcov50_theta0.99,0.3,10921,0.964,0.999
POLG_DEN26_seqcov50_colcov50_theta0.99,0.5,10811,0.905,0.999
POLG_HCVJF_seqcov50_colcov50_theta0.99,0.03,6226,1.117,0.97
POLG_HCVJF_seqcov50_colcov50_theta0.99,0.04,6237,1.106,0.97
POLG_HCVJF_seqcov50_colcov50_theta0.99,0.05,6240,1.118,0.97
POLG_HCVJF_seqcov50_colcov50_theta0.99,0.1,6208,1.097,0.971
POLG_HCVJF_seqcov50_colcov50_theta0.99,0.5,5947,1.085,0.983
POLG_PESV_seqcov50_colcov50_theta0.99,0.03,130438,1645.547,0.642
POLG_PESV_seqcov50_colcov50_theta0.99,0.04,121858,1524.434,0.642
POLG_PESV_seqcov50_colcov50_theta0.99,0.05,135387,1694.585,0.642
POLG_PESV_seqcov50_colcov50_theta0.99,0.1,86177,1081.868,0.66
POLG_PESV_seqcov50_colcov50_theta0.99,0.3,27303,321.094,0.849
POLG_PESV_seqcov50_colcov50_theta0.99,0.5,2909,4.679,0.698
PPARG_HUMAN_seqcov50_colcov50_theta0.8,0.03,96565,20.586,0.76
PPARG_HUMAN_seqcov50_colcov50_theta0.8,0.04,96942,20.531,0.764
PPARG_HUMAN_seqcov50_colcov50_theta0.8,0.05,97093,20.357,0.762
PPARG_HUMAN_seqcov50_colcov50_theta0.8,0.1,96476,20.037,0.76
PPARG_HUMAN_seqcov50_colcov50_theta0.8,0.3,83779,14.164,0.749
PPARG_HUMAN_seqcov50_colcov50_theta0.8,0.5,36646,3.273,0.75
PPM1D_HUMAN_seqcov50_colcov50_theta0.8,0.04,19895,5.628,0.56
PPM1D_HUMAN_seqcov50_colcov50_theta0.8,0.05,20313,5.862,0.564
PPM1D_HUMAN_seqcov50_colcov50_theta0.8,0.1,16559,4.747,0.605
PPM1D_HUMAN_seqcov50_colcov50_theta0.8,0.3,2160,0.64,0.795
PPM1D_HUMAN_seqcov50_colcov50_theta0.8,0.5,2146,0.625,0.793
PR40A_HUMAN_seqcov50_colcov50_theta0.8,0.03,158418,564.101,0.746
PR40A_HUMAN_seqcov50_colcov50_theta0.8,0.04,150904,513.572,0.73
PR40A_HUMAN_seqcov50_colcov50_theta0.8,0.05,148666,498.462,0.746
PR40A_HUMAN_seqcov50_colcov50_theta0.8,0.1,121841,337.339,0.762
PR40A_HUMAN_seqcov50_colcov50_theta0.8,0.3,68950,67.474,0.841
PR40A_HUMAN_seqcov50_colcov50_theta0.8,0.5,36922,32.415,0.857
PRKN_HUMAN_seqcov50_colcov50_theta0.8,0.1,26990,12.625,0.596
PRKN_HUMAN_seqcov50_colcov50_theta0.8,0.3,2281,0.703,0.985
PRKN_HUMAN_seqcov50_colcov50_theta0.8,0.5,2194,0.616,0.985
PSAE_PICP2_seqcov50_colcov50_theta0.8,0.03,45774,136.94,0.574
PSAE_PICP2_seqcov50_colcov50_theta0.8,0.04,40168,124.3,0.559
PSAE_PICP2_seqcov50_colcov50_theta0.8,0.05,37321,121.54,0.559
PSAE_PICP2_seqcov50_colcov50_theta0.8,0.1,56543,138.009,0.529
PSAE_PICP2_seqcov50_colcov50_theta0.8,0.3,1894,2.457,0.868
PSAE_PICP2_seqcov50_colcov50_theta0.8,0.5,1857,2.174,0.868
PTEN_HUMAN_seqcov50_colcov50_theta0.8,0.05,67919,12.708,0.715
PTEN_HUMAN_seqcov50_colcov50_theta0.8,0.1,32852,6.193,0.801
PTEN_HUMAN_seqcov50_colcov50_theta0.8,0.3,31065,4.863,0.816
PTEN_HUMAN_seqcov50_colcov50_theta0.8,0.5,26227,3.678,0.797
Q2N0S5_9HIV1_seqcov50_colcov50_theta0.99,0.03,93602,52.064,0.984
Q2N0S5_9HIV1_seqcov50_colcov50_theta0.99,0.04,93597,51.614,0.983
Q2N0S5_9HIV1_seqcov50_colcov50_theta0.99,0.05,93601,51.498,0.983
Q2N0S5_9HIV1_seqcov50_colcov50_theta0.99,0.1,93597,51.332,0.983
Q2N0S5_9HIV1_seqcov50_colcov50_theta0.99,0.3,93599,51.429,0.983
Q2N0S5_9HIV1_seqcov50_colcov50_theta0.99,0.5,93599,51.396,0.983
Q53Z42_HUMAN_seqcov50_colcov50_theta0.8,0.1,66435,23.924,0.885
Q53Z42_HUMAN_seqcov50_colcov50_theta0.8,0.3,58818,19.929,0.893
Q53Z42_HUMAN_seqcov50_colcov50_theta0.8,0.5,42689,15.472,0.91
Q59976_STRSQ_seqcov50_colcov50_theta0.8,0.03,159911,44.887,0.894
Q59976_STRSQ_seqcov50_colcov50_theta0.8,0.04,159062,44.36,0.894
Q59976_STRSQ_seqcov50_colcov50_theta0.8,0.05,158321,43.935,0.894
Q59976_STRSQ_seqcov50_colcov50_theta0.8,0.1,157581,43.385,0.894
Q59976_STRSQ_seqcov50_colcov50_theta0.8,0.3,149772,38.696,0.894
Q59976_STRSQ_seqcov50_colcov50_theta0.8,0.5,147602,36.298,0.898
Q6WV12_9MAXI_seqcov50_colcov50_theta0.8,0.1,1282,0.94,0.928
Q6WV12_9MAXI_seqcov50_colcov50_theta0.8,0.3,1247,0.85,0.937
Q6WV12_9MAXI_seqcov50_colcov50_theta0.8,0.5,1218,0.735,0.932
Q8WTC7_9CNID_seqcov50_colcov50_theta0.8,0.3,1243,0.776,0.924
Q8WTC7_9CNID_seqcov50_colcov50_theta0.8,0.5,1209,0.697,0.92
R1AB_SARS2_seqcov50_colcov50_theta0.99,0.05,59033,99.234,0.621
R1AB_SARS2_seqcov50_colcov50_theta0.99,0.1,7337,1.51,1.0
R1AB_SARS2_seqcov50_colcov50_theta0.99,0.3,7337,1.51,1.0
R1AB_SARS2_seqcov50_colcov50_theta0.99,0.5,7340,1.51,1.0
RAD_ANTMA_seqcov50_colcov50_theta0.8,0.03,532514,1170.332,0.778
RAD_ANTMA_seqcov50_colcov50_theta0.8,0.04,540281,1158.152,0.759
RAD_ANTMA_seqcov50_colcov50_theta0.8,0.05,539481,1150.179,0.759
RAD_ANTMA_seqcov50_colcov50_theta0.8,0.1,515433,1078.563,0.759
RAD_ANTMA_seqcov50_colcov50_theta0.8,0.3,337352,589.967,0.796
RAD_ANTMA_seqcov50_colcov50_theta0.8,0.5,189129,252.842,0.778
RAF1_HUMAN_seqcov50_colcov50_theta0.8,0.5,11808,0.899,0.775
RASH_HUMAN_seqcov50_colcov50_theta0.8,0.3,315124,181.532,0.873
RASH_HUMAN_seqcov50_colcov50_theta0.8,0.5,219482,118.08,0.878
RASK_HUMAN_seqcov50_colcov50_theta0.8,0.3,315890,184.249,0.883
RASK_HUMAN_seqcov50_colcov50_theta0.8,0.5,219658,119.112,0.883
RBP1_HUMAN_seqcov50_colcov50_theta0.8,0.03,695275,4899.184,0.712
RBP1_HUMAN_seqcov50_colcov50_theta0.8,0.04,700249,4931.552,0.712
RBP1_HUMAN_seqcov50_colcov50_theta0.8,0.05,663484,4598.403,0.712
RBP1_HUMAN_seqcov50_colcov50_theta0.8,0.1,423466,3016.869,0.731
RBP1_HUMAN_seqcov50_colcov50_theta0.8,0.3,12473,66.689,0.808
RBP1_HUMAN_seqcov50_colcov50_theta0.8,0.5,2172,2.635,1.0
RCD1_ARATH_seqcov50_colcov50_theta0.8,0.03,176706,715.087,0.684
RCD1_ARATH_seqcov50_colcov50_theta0.8,0.04,170609,690.355,0.667
RCD1_ARATH_seqcov50_colcov50_theta0.8,0.05,169960,665.642,0.649
RCD1_ARATH_seqcov50_colcov50_theta0.8,0.1,123948,643.362,0.579
RCD1_ARATH_seqcov50_colcov50_theta0.8,0.3,21758,45.824,0.649
RCD1_ARATH_seqcov50_colcov50_theta0.8,0.5,3805,10.429,0.982
RCRO_LAMBD_seqcov50_colcov50_theta0.99,0.3,1591957,11324.905,0.667
RCRO_LAMBD_seqcov50_colcov50_theta0.99,0.5,12852,155.111,0.825
RD23A_HUMAN_seqcov50_colcov50_theta0.8,0.03,381370,2479.339,0.727
RD23A_HUMAN_seqcov50_colcov50_theta0.8,0.04,378817,2372.875,0.727
RD23A_HUMAN_seqcov50_colcov50_theta0.8,0.05,357709,2267.793,0.727
RD23A_HUMAN_seqcov50_colcov50_theta0.8,0.1,305993,1878.002,0.727
RD23A_HUMAN_seqcov50_colcov50_theta0.8,0.3,167858,390.464,0.795
RD23A_HUMAN_seqcov50_colcov50_theta0.8,0.5,97185,166.126,0.841
RDRP_I33A0_seqcov50_colcov50_theta0.99,0.03,28328,3.491,1.0
RDRP_I33A0_seqcov50_colcov50_theta0.99,0.04,28259,3.41,1.0
RDRP_I33A0_seqcov50_colcov50_theta0.99,0.05,28246,3.408,1.0
RDRP_I33A0_seqcov50_colcov50_theta0.99,0.1,27080,2.708,1.0
RDRP_I33A0_seqcov50_colcov50_theta0.99,0.3,27082,2.709,1.0
RDRP_I33A0_seqcov50_colcov50_theta0.99,0.5,26894,2.542,1.0
REV_HV1H2_seqcov50_colcov50_theta0.99,0.03,133983,794.328,0.629
REV_HV1H2_seqcov50_colcov50_theta0.99,0.04,117554,714.216,0.629
REV_HV1H2_seqcov50_colcov50_theta0.99,0.05,115355,665.698,0.647
REV_HV1H2_seqcov50_colcov50_theta0.99,0.1,125348,747.776,0.664
REV_HV1H2_seqcov50_colcov50_theta0.99,0.3,18426,109.561,1.0
REV_HV1H2_seqcov50_colcov50_theta0.99,0.5,18408,108.874,1.0
RFAH_ECOLI_seqcov50_colcov50_theta0.8,0.03,167278,530.342,0.745
RFAH_ECOLI_seqcov50_colcov50_theta0.8,0.04,155720,515.743,0.745
RFAH_ECOLI_seqcov50_colcov50_theta0.8,0.05,154046,513.565,0.745
RFAH_ECOLI_seqcov50_colcov50_theta0.8,0.1,147108,481.248,0.764
RFAH_ECOLI_seqcov50_colcov50_theta0.8,0.3,121629,370.206,0.8
RFAH_ECOLI_seqcov50_colcov50_theta0.8,0.5,59800,141.768,0.945
RL20_AQUAE_seqcov50_colcov50_theta0.8,0.3,49065,123.612,0.915
RL20_AQUAE_seqcov50_colcov50_theta0.8,0.5,45889,119.039,0.915
RL40A_YEAST_seqcov50_colcov50_theta0.8,0.03,212999,274.422,0.578
RL40A_YEAST_seqcov50_colcov50_theta0.8,0.04,212452,270.55,0.578
RL40A_YEAST_seqcov50_colcov50_theta0.8,0.05,210866,269.94,0.578
RL40A_YEAST_seqcov50_colcov50_theta0.8,0.1,192743,223.892,0.586
RL40A_YEAST_seqcov50_colcov50_theta0.8,0.3,91056,86.089,0.602
RL40A_YEAST_seqcov50_colcov50_theta0.8,0.5,45450,32.461,0.602
RNC_ECOLI_seqcov50_colcov50_theta0.8,0.03,100903,101.962,0.951
RNC_ECOLI_seqcov50_colcov50_theta0.8,0.04,100224,100.989,0.951
RNC_ECOLI_seqcov50_colcov50_theta0.8,0.05,99887,100.966,0.951
RNC_ECOLI_seqcov50_colcov50_theta0.8,0.1,98418,99.137,0.951
RNC_ECOLI_seqcov50_colcov50_theta0.8,0.3,91768,90.174,0.951
RNC_ECOLI_seqcov50_colcov50_theta0.8,0.5,77947,80.059,0.956
RPC1_BP434_seqcov50_colcov50_theta0.99,0.5,918385,10246.213,0.934
RPC1_LAMBD_seqcov50_colcov50_theta0.99,0.3,127148,380.388,0.857
RPC1_LAMBD_seqcov50_colcov50_theta0.99,0.5,16861,48.175,0.878
RS15_GEOSE_seqcov50_colcov50_theta0.8,0.3,53190,86.469,1.0
RS15_GEOSE_seqcov50_colcov50_theta0.8,0.5,47841,76.225,1.0
S22A1_HUMAN_seqcov50_colcov50_theta0.8,0.3,367622,111.781,0.689
S22A1_HUMAN_seqcov50_colcov50_theta0.8,0.5,49092,18.177,0.924
SAV1_MOUSE_seqcov50_colcov50_theta0.8,0.1,429836,1001.163,0.721
SAV1_MOUSE_seqcov50_colcov50_theta0.8,0.3,337085,361.061,0.744
SAV1_MOUSE_seqcov50_colcov50_theta0.8,0.5,297234,250.695,0.744
SBI_STAAM_seqcov50_colcov50_theta0.8,0.03,461495,3005.683,0.732
SBI_STAAM_seqcov50_colcov50_theta0.8,0.04,428546,2844.637,0.732
SBI_STAAM_seqcov50_colcov50_theta0.8,0.05,378006,2444.691,0.75
SBI_STAAM_seqcov50_colcov50_theta0.8,0.1,196363,1244.324,0.732
SBI_STAAM_seqcov50_colcov50_theta0.8,0.3,179405,110.972,0.821
SBI_STAAM_seqcov50_colcov50_theta0.8,0.5,6815,6.235,0.839
SC6A4_HUMAN_seqcov50_colcov50_theta0.8,0.03,104053,21.853,0.787
SC6A4_HUMAN_seqcov50_colcov50_theta0.8,0.04,104596,22.032,0.789
SC6A4_HUMAN_seqcov50_colcov50_theta0.8,0.05,104350,21.896,0.787
SC6A4_HUMAN_seqcov50_colcov50_theta0.8,0.1,104148,21.623,0.786
SC6A4_HUMAN_seqcov50_colcov50_theta0.8,0.3,101973,20.752,0.783
SC6A4_HUMAN_seqcov50_colcov50_theta0.8,0.5,57057,9.249,0.862
SCIN_STAAR_seqcov50_colcov50_theta0.8,0.03,102648,677.551,0.714
SCIN_STAAR_seqcov50_colcov50_theta0.8,0.04,82276,540.558,0.729
SCIN_STAAR_seqcov50_colcov50_theta0.8,0.05,93980,559.895,0.714
SCIN_STAAR_seqcov50_colcov50_theta0.8,0.1,56665,277.498,0.743
SCIN_STAAR_seqcov50_colcov50_theta0.8,0.3,1649,6.908,0.871
SCIN_STAAR_seqcov50_colcov50_theta0.8,0.5,431,0.274,0.971
SDA_BACSU_seqcov50_colcov50_theta0.8,0.03,52264,542.023,0.614
SDA_BACSU_seqcov50_colcov50_theta0.8,0.04,53531,558.821,0.614
SDA_BACSU_seqcov50_colcov50_theta0.8,0.05,49334,495.255,0.636
SDA_BACSU_seqcov50_colcov50_theta0.8,0.1,39327,385.237,0.636
SDA_BACSU_seqcov50_colcov50_theta0.8,0.3,9347,78.299,0.727
SDA_BACSU_seqcov50_colcov50_theta0.8,0.5,2049,21.094,0.886
SERC_HUMAN_seqcov50_colcov50_theta0.8,0.3,68422,29.361,0.957
SERC_HUMAN_seqcov50_colcov50_theta0.8,0.5,41793,17.082,0.962
SHOC2_HUMAN_seqcov50_colcov50_theta0.8,0.3,176931,100.218,0.62
SHOC2_HUMAN_seqcov50_colcov50_theta0.8,0.5,7388,0.926,0.649
SOX30_HUMAN_seqcov50_colcov50_theta0.8,0.03,512457,1357.748,0.737
SOX30_HUMAN_seqcov50_colcov50_theta0.8,0.04,504984,1295.077,0.737
SOX30_HUMAN_seqcov50_colcov50_theta0.8,0.05,495031,1235.101,0.737
SOX30_HUMAN_seqcov50_colcov50_theta0.8,0.1,470149,1030.673,0.737
SOX30_HUMAN_seqcov50_colcov50_theta0.8,0.3,184240,322.054,0.982
SOX30_HUMAN_seqcov50_colcov50_theta0.8,0.5,143185,201.284,0.982
SPA_STAAU_seqcov50_colcov50_theta0.8,0.03,393901,1036.257,0.8
SPA_STAAU_seqcov50_colcov50_theta0.8,0.04,391685,1091.052,0.8
SPA_STAAU_seqcov50_colcov50_theta0.8,0.05,371939,997.656,0.8
SPA_STAAU_seqcov50_colcov50_theta0.8,0.1,308654,611.49,0.8
SPA_STAAU_seqcov50_colcov50_theta0.8,0.3,212157,59.326,0.927
SPA_STAAU_seqcov50_colcov50_theta0.8,0.5,13444,3.675,0.982
SPG1_STRSG_seqcov50_colcov50_theta0.8,0.1,3885,1.896,0.931
SPG1_STRSG_seqcov50_colcov50_theta0.8,0.3,42,0.019,0.502
SPG1_STRSG_seqcov50_colcov50_theta0.8,0.5,44,0.016,0.81
SPG2_STRSG_seqcov50_colcov50_theta0.8,0.03,64762,409.532,0.607
SPG2_STRSG_seqcov50_colcov50_theta0.8,0.04,90992,548.961,0.643
SPG2_STRSG_seqcov50_colcov50_theta0.8,0.05,67478,387.785,0.625
SPG2_STRSG_seqcov50_colcov50_theta0.8,0.1,47032,256.003,0.625
SPG2_STRSG_seqcov50_colcov50_theta0.8,0.3,23708,53.389,0.732
SPG2_STRSG_seqcov50_colcov50_theta0.8,0.5,470,0.546,0.982
SPIKE_SARS2_seqcov50_colcov50_theta0.99,0.03,6036,1.422,0.935
SPIKE_SARS2_seqcov50_colcov50_theta0.99,0.04,6037,1.411,0.946
SPIKE_SARS2_seqcov50_colcov50_theta0.99,0.05,6031,1.375,0.944
SPIKE_SARS2_seqcov50_colcov50_theta0.99,0.1,6032,1.335,0.848
SPIKE_SARS2_seqcov50_colcov50_theta0.99,0.3,6046,1.193,0.825
SPIKE_SARS2_seqcov50_colcov50_theta0.99,0.5,3401,0.798,0.985
SPTN1_CHICK_seqcov50_colcov50_theta0.8,0.3,708419,436.84,0.717
SPTN1_CHICK_seqcov50_colcov50_theta0.8,0.5,499731,294.12,0.733
SQSTM_MOUSE_seqcov50_colcov50_theta0.8,0.03,131688,939.044,0.6
SQSTM_MOUSE_seqcov50_colcov50_theta0.8,0.04,75746,616.344,0.65
SQSTM_MOUSE_seqcov50_colcov50_theta0.8,0.05,81782,664.387,0.65
SQSTM_MOUSE_seqcov50_colcov50_theta0.8,0.1,64879,487.837,0.675
SQSTM_MOUSE_seqcov50_colcov50_theta0.8,0.3,37380,96.602,0.8
SQSTM_MOUSE_seqcov50_colcov50_theta0.8,0.5,38756,87.023,0.875
SR43C_ARATH_seqcov50_colcov50_theta0.8,0.03,154612,408.946,0.792
SR43C_ARATH_seqcov50_colcov50_theta0.8,0.04,155577,408.858,0.792
SR43C_ARATH_seqcov50_colcov50_theta0.8,0.05,153398,400.661,0.792
SR43C_ARATH_seqcov50_colcov50_theta0.8,0.1,154078,406.762,0.792
SR43C_ARATH_seqcov50_colcov50_theta0.8,0.3,141875,345.591,0.875
SR43C_ARATH_seqcov50_colcov50_theta0.8,0.5,95342,224.498,0.896
SRBS1_HUMAN_seqcov50_colcov50_theta0.8,0.03,966999,788.09,0.791
SRBS1_HUMAN_seqcov50_colcov50_theta0.8,0.04,969135,789.312,0.791
SRBS1_HUMAN_seqcov50_colcov50_theta0.8,0.05,963578,783.899,0.791
SRBS1_HUMAN_seqcov50_colcov50_theta0.8,0.1,961335,772.338,0.791
SRBS1_HUMAN_seqcov50_colcov50_theta0.8,0.3,809464,457.977,0.806
SRBS1_HUMAN_seqcov50_colcov50_theta0.8,0.5,674387,312.778,0.806
SRC_HUMAN_seqcov50_colcov50_theta0.8,0.5,170112,10.853,0.532
SUMO1_HUMAN_seqcov50_colcov50_theta0.8,0.03,339561,541.161,0.693
SUMO1_HUMAN_seqcov50_colcov50_theta0.8,0.04,338587,527.755,0.693
SUMO1_HUMAN_seqcov50_colcov50_theta0.8,0.05,327272,514.291,0.693
SUMO1_HUMAN_seqcov50_colcov50_theta0.8,0.1,307546,487.868,0.693
SUMO1_HUMAN_seqcov50_colcov50_theta0.8,0.3,101561,134.687,0.752
SUMO1_HUMAN_seqcov50_colcov50_theta0.8,0.5,9666,19.926,0.881
SYUA_HUMAN_seqcov50_colcov50_theta0.8,0.1,279970,717.01,0.6
SYUA_HUMAN_seqcov50_colcov50_theta0.8,0.3,2892,0.719,0.843
SYUA_HUMAN_seqcov50_colcov50_theta0.8,0.5,2880,0.674,0.836
TADBP_HUMAN_seqcov50_colcov50_theta0.8,0.3,91550,28.014,0.616
TADBP_HUMAN_seqcov50_colcov50_theta0.8,0.5,2839,0.758,0.899
TAT_HV1BR_seqcov50_colcov50_theta0.99,0.3,13562,143.512,1.0
TAT_HV1BR_seqcov50_colcov50_theta0.99,0.5,13400,141.651,1.0
TCRG1_MOUSE_seqcov50_colcov50_theta0.8,0.3,323267,433.399,0.757
TCRG1_MOUSE_seqcov50_colcov50_theta0.8,0.5,266136,311.009,0.757
THO1_YEAST_seqcov50_colcov50_theta0.8,0.03,216363,1319.716,0.683
THO1_YEAST_seqcov50_colcov50_theta0.8,0.04,213019,1282.688,0.683
THO1_YEAST_seqcov50_colcov50_theta0.8,0.05,207808,1285.721,0.683
THO1_YEAST_seqcov50_colcov50_theta0.8,0.1,189108,1068.422,0.683
THO1_YEAST_seqcov50_colcov50_theta0.8,0.3,143994,618.7,0.732
THO1_YEAST_seqcov50_colcov50_theta0.8,0.5,66476,247.874,0.78
TNKS2_HUMAN_seqcov50_colcov50_theta0.8,0.03,359596,583.08,0.881
TNKS2_HUMAN_seqcov50_colcov50_theta0.8,0.04,357710,545.679,0.898
TNKS2_HUMAN_seqcov50_colcov50_theta0.8,0.05,358564,516.648,0.898
TNKS2_HUMAN_seqcov50_colcov50_theta0.8,0.1,350879,425.868,0.898
TNKS2_HUMAN_seqcov50_colcov50_theta0.8,0.3,305985,220.423,0.932
TNKS2_HUMAN_seqcov50_colcov50_theta0.8,0.5,195551,127.802,0.932
TPK1_HUMAN_seqcov50_colcov50_theta0.8,0.03,52514,58.944,0.77
TPK1_HUMAN_seqcov50_colcov50_theta0.8,0.04,85188,77.032,0.564
TPK1_HUMAN_seqcov50_colcov50_theta0.8,0.05,53814,56.401,0.765
TPK1_HUMAN_seqcov50_colcov50_theta0.8,0.1,30726,39.224,0.848
TPK1_HUMAN_seqcov50_colcov50_theta0.8,0.3,30430,38.764,0.84
TPK1_HUMAN_seqcov50_colcov50_theta0.8,0.5,5339,5.696,0.942
TPMT_HUMAN_seqcov50_colcov50_theta0.8,0.3,39968,51.19,0.735
TPMT_HUMAN_seqcov50_colcov50_theta0.8,0.5,11593,11.864,0.873
TPOR_HUMAN_seqcov50_colcov50_theta0.8,0.1,29181,5.036,0.509
TPOR_HUMAN_seqcov50_colcov50_theta0.8,0.3,1412,0.308,0.94
TPOR_HUMAN_seqcov50_colcov50_theta0.8,0.5,962,0.084,0.931
TRPC_SACS2_seqcov50_colcov50_theta0.8,0.3,74392,55.495,0.948
TRPC_SACS2_seqcov50_colcov50_theta0.8,0.5,74079,55.199,0.964
TRPC_THEMA_seqcov50_colcov50_theta0.8,0.3,74364,54.799,0.96
TRPC_THEMA_seqcov50_colcov50_theta0.8,0.5,74086,54.355,0.964
UBC9_HUMAN_seqcov50_colcov50_theta0.8,0.03,114329,90.092,0.899
UBC9_HUMAN_seqcov50_colcov50_theta0.8,0.04,114435,90.08,0.899
UBC9_HUMAN_seqcov50_colcov50_theta0.8,0.05,114355,89.215,0.893
UBC9_HUMAN_seqcov50_colcov50_theta0.8,0.1,111174,83.568,0.893
UBC9_HUMAN_seqcov50_colcov50_theta0.8,0.3,106555,75.578,0.899
UBC9_HUMAN_seqcov50_colcov50_theta0.8,0.5,86426,57.078,0.899
UBE4B_HUMAN_seqcov50_colcov50_theta0.8,0.3,754418,1268.37,0.681
UBE4B_HUMAN_seqcov50_colcov50_theta0.8,0.5,271352,367.302,0.899
UBE4B_MOUSE_seqcov50_colcov50_theta0.8,0.03,7772,1.098,0.908
UBE4B_MOUSE_seqcov50_colcov50_theta0.8,0.04,7766,1.112,0.911
UBE4B_MOUSE_seqcov50_colcov50_theta0.8,0.05,7754,1.106,0.903
UBE4B_MOUSE_seqcov50_colcov50_theta0.8,0.1,7756,1.101,0.898
UBE4B_MOUSE_seqcov50_colcov50_theta0.8,0.3,7557,0.981,0.854
UBE4B_MOUSE_seqcov50_colcov50_theta0.8,0.5,7191,0.85,0.839
UBR5_HUMAN_seqcov50_colcov50_theta0.8,0.03,307765,2225.513,0.69
UBR5_HUMAN_seqcov50_colcov50_theta0.8,0.04,285390,2078.317,0.672
UBR5_HUMAN_seqcov50_colcov50_theta0.8,0.05,278729,2049.635,0.672
UBR5_HUMAN_seqcov50_colcov50_theta0.8,0.1,201635,1363.736,0.707
UBR5_HUMAN_seqcov50_colcov50_theta0.8,0.3,24239,29.763,0.966
UBR5_HUMAN_seqcov50_colcov50_theta0.8,0.5,19612,20.038,0.966
VG08_BPP22_seqcov50_colcov50_theta0.99,0.03,358431,5048.85,0.65
VG08_BPP22_seqcov50_colcov50_theta0.99,0.04,326881,4519.275,0.65
VG08_BPP22_seqcov50_colcov50_theta0.99,0.05,293786,4096.35,0.65
VG08_BPP22_seqcov50_colcov50_theta0.99,0.1,261392,3520.7,0.65
VG08_BPP22_seqcov50_colcov50_theta0.99,0.3,97777,1308.7,0.65
VG08_BPP22_seqcov50_colcov50_theta0.99,0.5,138520,1493.95,0.725
VILI_CHICK_seqcov50_colcov50_theta0.8,0.3,40103,20.15,0.969
VILI_CHICK_seqcov50_colcov50_theta0.8,0.5,39898,19.197,0.969
VKOR1_HUMAN_seqcov50_colcov50_theta0.8,0.1,37520,75.587,0.81
VKOR1_HUMAN_seqcov50_colcov50_theta0.8,0.3,19917,36.66,0.798
VKOR1_HUMAN_seqcov50_colcov50_theta0.8,0.5,2155,3.196,0.939
VRPI_BPT7_seqcov50_colcov50_theta0.99,0.03,260657,2479.768,0.821
VRPI_BPT7_seqcov50_colcov50_theta0.99,0.04,281246,2675.286,0.821
VRPI_BPT7_seqcov50_colcov50_theta0.99,0.05,257742,2520.714,0.821
VRPI_BPT7_seqcov50_colcov50_theta0.99,0.1,57607,496.161,0.661
VRPI_BPT7_seqcov50_colcov50_theta0.99,0.3,5930,80.268,0.643
VRPI_BPT7_seqcov50_colcov50_theta0.99,0.5,193,2.875,0.911
YAIA_ECOLI_seqcov50_colcov50_theta0.8,0.03,252353,1484.707,0.538
YAIA_ECOLI_seqcov50_colcov50_theta0.8,0.04,253450,1511.657,0.538
YAIA_ECOLI_seqcov50_colcov50_theta0.8,0.05,250089,1480.871,0.538
YAIA_ECOLI_seqcov50_colcov50_theta0.8,0.1,78766,509.515,0.615
YAIA_ECOLI_seqcov50_colcov50_theta0.8,0.3,8432,20.165,0.75
YAIA_ECOLI_seqcov50_colcov50_theta0.8,0.5,697,0.683,1.0
YAP1_HUMAN_seqcov50_colcov50_theta0.8,0.05,30329,6.63,0.734
YAP1_HUMAN_seqcov50_colcov50_theta0.8,0.1,18634,2.496,0.748
YAP1_HUMAN_seqcov50_colcov50_theta0.8,0.3,3173,0.464,0.887
YAP1_HUMAN_seqcov50_colcov50_theta0.8,0.5,3107,0.412,0.889
YNZC_BACSU_seqcov50_colcov50_theta0.8,0.03,221246,1657.554,0.641
YNZC_BACSU_seqcov50_colcov50_theta0.8,0.04,209467,1603.033,0.641
YNZC_BACSU_seqcov50_colcov50_theta0.8,0.05,200782,1560.598,0.667
YNZC_BACSU_seqcov50_colcov50_theta0.8,0.1,193428,1449.589,0.641
YNZC_BACSU_seqcov50_colcov50_theta0.8,0.3,85737,490.299,0.667
YNZC_BACSU_seqcov50_colcov50_theta0.8,0.5,10926,62.578,0.923
